Title,Price
Naudota Å¾emÄ—s Å«kio technika,0
Swedbank paskola saulÄ—s elektrinei,0
Moro pramoniniai ventiliatoriai,0
Reduktoriai,0
Plazminio pjovimo Ä¯ranga,0
Sertifikuota Å¡aldymo Ä¯ranga,0
Statybiniai vagonÄ—liai,0
Kampiniai Å¡lifuokliai,0
VerÅ¾lÄ—s tarkavimo maÅ¡inai ir kiti mÄ—smaliÅ³ priedai,0
LED proÅ¾ektoriai,3 â‚¬
LED lemputÄ—s,3 â‚¬
LED Å¡viestuvai,0
LED juostos,3 â‚¬
Lauko Å¡iukÅ¡liadÄ—Å¾Ä—s,0
Streichinstrumente O.M.Monnich 4/4 Smuikas,270 â‚¬
Smuikas 1/2 Klaus Mueller Prelude,140 â‚¬
"Euro padeklai - supirkimas, PadÄ—klai PaletÄ—s Euro, Alytus",0
TelevizoriÅ³ remontas Å iauliuose,1 â‚¬
"ğŸš§EKSKAVATORIÅ² NUOMA âš ï¸ ğŸš§Savo klientams siÅ«lome galimybÄ™ iÅ¡sinuomoti statybinÄ™ technikÄ… su operatoriumi Ä¯vairiems kasimo, griovimo ar gerbÅ«vio darbam",0
ğŸš§SAVIVARÄŒIÅ² NUOMA âš ï¸ ğŸš§Reikia iÅ¡veÅ¾ti daug statybiniÅ³ atliekÅ³ ar kitÅ³ medÅ¾iagÅ³? MÅ«sÅ³ Ä¯monÄ— gali pasiÅ«lyti Jums iÅ¡sinuomoti specialÅ³ savivartÄ¯.âš ï¸ ğŸš§Sa,0
"ğŸš§ VISI GRIOVIMO DARBAI âš ï¸ âš ï¸Griauname:  Plytinius, blokinius medinius pastatus: namus, sodo namukus, gamyklas, apleistus objektus, angarus, garaÅ¾us ,",0
3M cubitron Å¡lifavimo diskai,5 â‚¬
Teleskopinis gipskartonio laikiklis,19 â‚¬
"GuminÄ—s tarpinÄ—s, guminiai Å¾iedai",6 â‚¬
3 lentynÅ³ veÅ¾imÄ—liai Ä¯rankiams,50 â‚¬
"7 stalÄiÅ³ veÅ¾imÄ—lis su Ä¯rankiais, 243 dalys",499 â‚¬
7 stalÄiÅ³ veÅ¾imÄ—liai Ä¯rankiams,280 â‚¬
Pasukamas ratukas 75mm,4 â‚¬
SmeigiÅ³ kalimo aparatas Capricorn + 3000vnt. smeigiÅ³,170 â‚¬
"Ä®rankiÅ³ lagaminas, 216 daliÅ³",125 â‚¬
SpiralinÄ—s pneumatinÄ—s oro Å¾arnos PU PE,12 â‚¬
"Tepalo surinkimo, iÅ¡siurbimo talpa 80l",190 â‚¬
Stendas varikliui iki 450kg,89 â‚¬
DviejÅ³ daliÅ³ veÅ¾imÄ—lis Ä¯rankiams,190 â‚¬
"Gipso kartono keltuvas, pjaustyklÄ—",159 â‚¬
Kombinuoti kilpiniai raktai,49 â‚¬
"Universalus tentas, brezentas",1 â‚¬
GrÄ™Å¾imo spaustuvai 125mm,25 â‚¬
Ä®vairiÅ³ antgaliÅ³ rinkinys torx spline ribe,30 â‚¬
Atbulinis plaktukas skardÅ³ lyginimui,48 â‚¬
SpintelÄ— su stalÄiais,174 â‚¬
Ä®rankiÅ³ spintelÄ— 7 stalÄiÅ³,250 â‚¬
"Saugos lynai, apraiÅ¡ai",1 â‚¬
Magnetinis stovas su indikatorium 0-10mm,30 â‚¬
GuoliÅ³ presavimo adapteriÅ³ rinkinys,35 â‚¬
"AliuminÄ—s kniedÄ—s, srieginÄ—s kniedÄ—s",8 â‚¬
GrandininÄ— kÄ—limo gervÄ— 2T 1T,68 â‚¬
DujÅ³ reduktorius co2/argon,23 â‚¬
22T Pneumo-hidraulinis domkratas,245 â‚¬
Panaudotos alyvos surinkimo talpa 70L,145 â‚¬
"Metalo pjovimo diskai, pjovimo juostos",40 â‚¬
Transmisijos keltuvas 500kg,99 â‚¬
"Trifazis overlokas, trisiulis",70 â‚¬
KingRoy Ä¯rankiÅ³ dÄ—Å¾Ä—s,76 â‚¬
Pneumatinis purkÅ¡tukÅ³ iÅ¡traukimo Ä¯rankis,175 â‚¬
"Hidraulinis kÄ—bulo remonto komplektas 10T, nemokamas pristatymas!",175 â‚¬
Å altkalvio gultas su ratukais,34 â‚¬
VienkartinÄ—s nitrilinÄ—s pirÅ¡tinÄ—s be pudros,9 â‚¬
"Fiksavimo kaiÅ¡Äiai, uÅ¾lenkiami kaiÅ¡Äiai, fiksavimo Å¾iedai",0
"Dujinis Å¡ildytuvas - raketa, 40kW",147 â‚¬
VeÅ¾imÄ—lis suvirinimo aparatui,79 â‚¬
HidraulinÄ— variklio iÅ¡kÄ—limo gervÄ— 2t,220 â‚¬
"Suvirinimo viela 5kg 15 kg, suvirimo magnetai",15 â‚¬
SpyruokliÅ³ suspaudÄ—jÅ³ rinkinys,108 â‚¬
7 stalÄiÅ³ veÅ¾imÄ—lis su Ä¯rankiais,410 â‚¬
SpintelÄ— Ä¯rankiams su stalÄiais,180 â‚¬
Hidraulinis presas 20t su manometru,390 â‚¬
Suspausto oro Å¾arna su automatine rite 14m,54 â‚¬
Pneumatinis domkratas 3.5 t,110 â‚¬
SpintelÄ— Ä¯rankiams su stalÄiais,174 â‚¬
"Tekinimo peiliai, kaltai, grÄ…Å¾tai metalui, plÄ—stuvai",1 â‚¬
Kompresorius 24L 1.1kw,108 â‚¬
Å akiÅ³ prailgintuvai (prailginimai) Å iauliuose,200 â‚¬
KokybiÅ¡kai Nebrangiai,0
Ä®vairios radijo detalÄ—s,1 â‚¬
2-jÅ³ k*****Å³ osciloskopas C1-83,370 â‚¬
"Akumuliatoriai AA (R6) 1,2 V 1000 mAh",1 â‚¬
Elektroninis suvenyrinis laikrodis,4 â‚¬
BarzdaskutÄ— Sputnik,8 â‚¬
Universalus atminties korteliÅ³ skaitytuvas,5 â‚¬
Mikroschemos A2030 (K174UN19) - Å½D stiprintuvas,1 â‚¬
"GRIOVIMO DARBAI, GRIAUNAME: MetaliniÅ³ BetoniniÅ³ PlytiniÅ³ RastiniÅ³ PastatÅ³ griovimas Dirbame darbo dienomis ir savaitgaliais ! Dirbame su Ä¯monÄ—ms ir s",0
"GRIOVIMO DARBAI, GRIAUNAME: *senus namus *Å«kinius pastatus *mÅ«rinius statinius *pertvarines sienas *vonios kambarius *tualetus *laiptus *pjauname ang",0
NAUJAS! 8K ULTRA PRO+ TV-BOX-VIRÅ  1000 GOOGLE TV-KANALÅ² NEMOKAMAI!,35 â‚¬
NAUJAUSIAS! 360Â° LAIPSNIÅ² ENDOSKOPAS+SONY Full HD 1920x1080P KAMERA+IP67+3000mAh,70 â‚¬
G10 AIR MOUSE-ORO PELÄ–+VALDYMAS BALSU+UNIVERSALUS NUOTOLINIO VALDYMO PULTAS,5 â‚¬
NAUJAS! 8K PRO ULTRA TV-BOX+VIRÅ  1000 GOOGLE TV PROGRAMÅ² NEMOKAMAI,35 â‚¬
NAUJAS! PRO 8K ULTRA TV-BOX+VIRÅ  1000 GOOGLE TV PROGRAMÅ² NEMOKAMAI,35 â‚¬
NAUJAS! PRO MAX 8K ULTRA TV-BOX+VIRÅ  1000 GOOGLE TV PROGRAMÅ² NEMOKAMAI,30 â‚¬
"NAUJAUSIAS! 360Â° LAIPSNIÅ² ENDOSKOPAS-SONY FullHD 1920x1080P-5""COLIU-IP67-3000mAh",115 â‚¬
"ATN THOR 5 XD LRF 4-40X ,Â ATN THOR 5 LRF 640 5-40X ,Â ATN MARS 4 640 4-40X , ATN MARS 4 640 2.5-25X, ATN BINOX 4T 640 2,5-25X,Â ATN ODIN LT 640 3-12X",1 600 â‚¬
"Siuvimo, MASINU, REMONTAS   +37060183804",1 â‚¬
SKALBIMO MASINU â€“ DZIOVYKLIU - INDAPLOVIU =REMONTAS-PROGRAMAVIMAS= 0-689-65507 Klaipeda,1 â‚¬
Delonghi kavos aparatu programavimas,1 â‚¬
SKALBIMO MASINU â€“ DZIOVYKLIU - INDAPLOVIU =REMONTAS-PROGRAMAVIMAS=  0-689-65507 Klaipeda,1 â‚¬
SKALBIMO MASINU â€“ DZIOVYKLIU - INDAPLOVIU =REMONTAS-PROGRAVAMIMAS=  0-689-65507 Klaipeda,1 â‚¬
Ğ¡Ñ‚Ğ¸Ñ€Ğ°Ğ»ÑŒĞ½Ğ°Ñ Ğ¼Ğ°ÑˆĞ¸Ğ½Ğ° - Ğ¡ÑƒÑˆĞºĞ° - ĞŸĞ¾ÑÑƒĞ´Ğ¾Ğ¼Ğ¾ĞµÑ‡Ğ½Ğ°Ñ Ğ¼Ğ°ÑˆĞ¸Ğ½Ğ° = Ğ Ğ•ĞœĞĞĞ¢-ĞŸĞ ĞĞ“Ğ ĞĞœĞ˜Ğ ĞĞ’ĞĞĞ˜Ğ• = 0-689-65507 ĞšĞ»Ğ°Ğ¹Ğ¿ĞµĞ´Ğ°,1 â‚¬
SKALBIMO MASINU â€“ DZIOVYKLIU - INDAPLOVIU =REMONTAS-PROGRAMAVIMAS=  0-689-65507 Klaipeda,1 â‚¬
SKALBIMO MASINU â€“ DZIOVYKLIU - INDAPLOVIU =REMONTAS-PROGRAMAVIMAS=  0-689-65507 Klaipeda,1 â‚¬
ApsirÅ«pines asmuo,0
Paskolos,0
"Pioneer OPUS-QUAD , Pioneer XDJ-RX3, Pioneer XDJ-XZ, Pioneer DDJ-FLX10, Pioneer CDJ-3000, Pioneer DJM-A9 , Pioneer CDJ-2000NXS2, Pioneer DJM-900NXS2",1 000 â‚¬
"Pulsar THERMION 2 LRF XL50 , THERMION 2 LRF XP50 PRO, THERMION 2 LRF XG50, Pulsar Thermion Duo DXP50, PULSAR TRAIL 2 LRF XP50, Pulsar Merger LRF XL50",2 500 â‚¬
Pioneer XDJ-RX3 / Pioneer XDJ-XZ /Pioneer OPUS-QUAD/ Pioneer DDJ-FLX10 /Pioneer CDJ-3000 /Pioneer DJM-A9 /DJM-V10-LF DJ Mixer,1 200 â‚¬
TelevizoriÅ³ remontas Kaune,0
"BuitinÄ—s technikos iÅ¡veÅ¾imas Å iauliai, N e m o k a m a i 864104242",1 â‚¬
BuitinÄ—s technikos iÅ¡veÅ¾imas Å iauliuose NEMOKAMAI,1 â‚¬
Å aldytuvÅ³ senÅ³ iÅ¡veÅ¾imas Å iauliuose NEMOKAMAI,0
"BuitinÄ—s technikos iÅ¡veÅ¾imas Å iauliai, N e m o k a m a i â¤â¤â¤",5 â‚¬
"BuitinÄ—s technikos iÅ¡veÅ¾imas Å iauliai, N e m o k a m a i",0
TelevizoriÅ³ remontas Å iauliuose,1 â‚¬
Kavos AparatÅ³ Remontas PanevÄ—Å¾yje +37063788215,15 â‚¬
Boileriu HidroforÅ³ Remontas PanevÄ—Å¾yje +37063788215,15 â‚¬
"Kavos AparatÅ³ Remontas, laukiame jÅ«sÅ³ skambuÄiÅ³ telefonu +37063788215",15 â‚¬
Skalbimo maÅ¡inÅ³ Remontas PanevÄ—Å¾yje +37063788215,15 â‚¬
DÅ¾iovykliÅ³ Remontas PanevÄ—Å¾yje +37063788215,15 â‚¬
IndaploviÅ³ Remontas PanevÄ—Å¾yje +37063788215,15 â‚¬
DÅ¾iovykliÅ³ Remontas PanevÄ—Å¾yje +37063788215,15 â‚¬
REGO-ELEKTRO ELEKTROMAGNETINÄ– / GARSINÄ– PARKAVIMO SISTEMA,33 â‚¬
KalÄ—diniÅ³ dovanÅ³ Ä¯dÄ—jos VAIKAMS ir JAUNIMUI!,4 â‚¬
"GPS navigacijÅ³ remontas, navigacijÅ³ servisas, Å¾emÄ—lapiÅ³ atnaujinimas VISOJE LIETUVOJE",10 â‚¬
TECLAST H10 ir H30 OLED Bevielis laikrodis AKTYVUMO & MIEGO Å¾ingsniamatis Bluetooth Fit Fitness Sport Health,33 â‚¬
"5"", HD, ANDROID 4.4 NAVIGACINÄ– SISTEMA IHEX-HYBRID + VAIZDO REGISTRATORIUS",115 â‚¬
ALCOSCAN AL-6200 ALKOTESTERIS,75 â‚¬
MINGLING AUTOMOBILINIS GARSIAKALBIS AUKÅ TOS KOKYBÄ–S GARSAS,39 â‚¬
WIRELESS DOORBELL DURÅ² SKAMBUTIS SU VAIZDO KAMERA IR GARSIAKALBIU,135 â‚¬
Skaitmeninis alkotesteris PFT-62,45 â‚¬
GPS SEKLYS + GSM SIGNALIZACIJA + GSM BLAKÄ–,59 â‚¬
Ä®vairios prekÄ—s su -30% NUOLAIDA,3 â‚¬
"NAUJIENA IHEX - HYBRID 9 8"", ANDROID, 4G, BT, GPS, TV, WIFI, DVR NAVIGACINÄ– SISTEMA AUTO + TRUCK",210 â‚¬
VaizdajuosÄiÅ³ / KaseÄiÅ³ PerraÅ¡ymas,20 â‚¬
Naudoti neÅ¡iojami kompiuteriai su garantija,110 â‚¬
"Silikoniniai neÅ¡iojami elektroniniai pianinai, bÅ«gnai. AUKÅ TOS KLASÄ–S",38 â‚¬
"SKÄ–TIS su LED Å¡vieÄiantis rankena, proÅ¾ektorius rankenos apaÄioje, SPALVOS KEIÄŒIASI!",45 â‚¬
Magnetinis belaidis Ä¯kroviklis iÅ¡maniesiems Ä¯renginiams,19 â‚¬
VaizdajuosÄiÅ³ / KaseÄiÅ³ perraÅ¡ymas Ä¯ naujas laikmenas,6 â‚¬
VISÅ² fotoaparatÅ³ / vaizdo kamerÅ³ REMONTO CENTRAS,16 â‚¬
VISAPUSIÅ KAS FOTO/VAIZDO kamerÅ³  remontas VISOJE LITUVOJE,6 â‚¬
"PlanÄetiniÅ³, neÅ¡iojamÅ³, stacionariÅ³ kompiuteriÅ³ remontas Å iauliuose",10 â‚¬
VISÅ² fotoaparatÅ³ / vaizdo kamerÅ³ REMONTAS visoje Lietuvoje,10 â‚¬
NagÅ³ frezÅ³ / elektriniÅ³ Å¡lifavimo aparatÅ³ remontas,10 â‚¬
Å½EMÄ–S ÅªKIO ELEKTRONINÄ–S TECHNIKOS REMONTO DARBAI,5 â‚¬
VisÅ³ FOTOAPARATÅ² ir VAIZDO KAMERÅ² REMONTAS,10 â‚¬
VisÅ³ tipÅ³ RiedÅ¾iÅ³ remontas Geriausia kaina Å IAULIUOSE,10 â‚¬
SUGEDO VAIZDO REGISTRATORIUS? Tvarkome visÅ³ gamintojÅ³ vaizdo registratorius,10 â‚¬
VISÅ² fotoaparatÅ³ / vaizdo kamerÅ³ REMONTAS Å iauliuose,5 â‚¬
"VisÅ³ spausdintuvÅ³ remontas, toneriÅ³, kaseÄiÅ³ pildymas, pardavimas",10 â‚¬
"VisÅ³ tipÅ³ RiedÅ¾iÅ³, paspirtukÅ³, elektroniniÅ³ maÅ¡inÅ³ remontas Geriausia kaina Å IAULIUOSE",15 â‚¬
"VisÅ³ tipÅ³ RiedÅ¾iÅ³, paspirtukÅ³, elektroniniÅ³ maÅ¡inÅ³ remontas Geriausia kaina Å IAULIUOSE",20 â‚¬
"SuduÅ¾usiÅ³ ekranÅ³ keitimas GREITAI, PIGIAI IR KOKYBIÅ KAI!",10 â‚¬
"AlkotesteriÅ³ kalibravimas, remontas, patikra, pardavimas Å iauliuose",10 â‚¬
Marsietis.lt - Service express visoje Lietuvoje,10 â‚¬
"GPS Remontas, Naujinimas Å iauliai",10 â‚¬
TomTom / Garmin / Ä¯vairiÅ³ SMART laikrodÅ¾iÅ³ remontas / taisykla / paslaugos Å iauliai www.cipas.lt,5 â‚¬
Profesionalus Foto/vaizdo kamerÅ³ remontas Å iauliuose,5 â‚¬
"PlanÅ¡eÄiÅ³, navigacijÅ³, neÅ¡iojamÅ³ kompiuteriÅ³, telefonÅ³ Ä®krovimo, maitinimo DC lizdai",5 â‚¬
"TelefonÅ³, planÄetÅ³, kitÅ³ Ä¯renginiÅ³ USB jungÄiÅ³ keitimas",5 â‚¬
VISÅ² fotoaparatÅ³ / vaizdo kamerÅ³ REMONTAS Å iauliuose,3 â‚¬
Profesionalus FOTO/VAIZDO kamerÅ³ remontas Å iauliuose,1 â‚¬
"EFETYVUS, GREITAS iÅ¡lÅ«Å¾usiÅ³ jungÄiÅ³ remontas",1 â‚¬
"Apple neÅ¡iojamÅ³, stacionariÅ³ kompiuteriÅ³, telefonÅ³ remontas Å iauliai / visoje Lietuvoje",10 â‚¬
Profesionalus FOTO/VAIZDO kamerÅ³ remontas Å iauliuose,5 â‚¬
TomTom / Garmin / Ä¯vairiÅ³ SMART laikrodÅ¾iÅ³ remontas / taisykla / paslaugos Å iauliai,5 â‚¬
AUTONOMINIS DÅªMÅ² DETEKTORIUS SENTEK SD218,"7,99 â‚¬"
ALKOTESTERIS ALCOSCAN BLACK,69 â‚¬
VAIZDO REGISTRATORIAI nuo 35Eur,35 â‚¬
IHEX-9700 PRO TRUCK NAUJOS KARTOS NAVIGACIJA SUNKVEÅ½IMIUI+AUTOMOBILIUI,120 â‚¬
DVR RADAR vaizdo registratorius su RADARU,119 â‚¬
WiFi Smart Net Camera V380,59 â‚¬
NAUJIENA! - SRICAM IP CAMERA SP012 VAIZDO STEBÄ–JIMO KAMERA SU AUTOMATINIU JUDESIU / BABY AUKLÄ–,59 â‚¬
NAUJIENA! UFO WIFI BELAIDÄ– CAMERA STK3350 VAIZDO STEBÄ–JIMO KAMERA,45 â‚¬
DVR-Super HD SUPER Full HD A7 Ambarella 2560Ã—1080 raiÅ¡ka vaizdo registratorius NAUJIENA,120 â‚¬
Profesionalus FOTO/VAIZDO kamerÅ³ remontas Å iauliuose,5 â‚¬
NAUDOTAS SKAITMENINIS FOTOAPARATAS FUJIFILM X10 RETRO STILIAUS IDEALIOS BÅªKLÄ–S,130 â‚¬
"Pigiausios Atminties kortelÄ—s, USB raktai, Micro SD",3 â‚¬
VISÅ² fotoaparatÅ³ / vaizdo kamerÅ³ REMONTAS,10 â‚¬
SLAPTA MINI VAIZDO STEBÄ–JIMO KAMERA LAIKRODYJE DVR MINI WATCH,32 â‚¬
BelaidÄ—s Asmeninio fotografavimosi lazdos,9 â‚¬
VAIZDAJUOSÄŒIÅ² / KASEÄŒIÅ² PERRAÅ YMAS TIK 6 EUR,10 â‚¬
"Bluetooth laisvÅ³jÅ³ rankÅ³ Ä¯ranga, Ä®VAIRÅªS MODELIAI",14 â‚¬
Karaoke bevieliai mikrofonai,40 â‚¬
Sound Bar LP-09 Bluetooth belaidÄ— kolonÄ—lÄ— kino sistema,79 â‚¬
Karaoke bevieliai mikrofonai + akcija,4 â‚¬
MINGLING COMFORT BLUETOOTH LAISVÅ²JÅ² RANKÅ² Ä®RANGA AUKÅ TOS KOKYBÄ–S SU BALSO KOMANDOMIS,39 â‚¬
KARAOKE Q9 MICROPHONE PLAYER WIRELESS BLUETOOTH BEVIELIS MIKROFONAS SU GARSIAKALBIU,69 â‚¬
KARAOKE PRABANGUS LEYWITON MICROPHONE WIRELESS BLUETOOTH BEVIELIS MIKROFONAS SU GARSIAKALBIU,69 â‚¬
AKCIJA! AEC Bluetooth garso kolonÄ—lÄ— su pulsuojanÄiomis LED Å¡viesomis,35 â‚¬
Sound Bar LP-09 Bluetooth belaidÄ— kolonÄ—lÄ— kino sistema,65 â‚¬
Sound Bar LP-09 Bluetooth belaidÄ— kolonÄ—lÄ— kino sistema,65 â‚¬
1MORE Omthing airfree belaidÄ— kaklo ausinÄ—s,18 â‚¬
Santechnika iÅ¡ Vokietijos,123 â‚¬
"865936773, MiniekskavatoriÅ³ nuoma Vilniuje, kaina 35 eur",0
"* 865936773, Bobcat nuoma Vilniuje, SUPER PRICE",0
"865936773, EkskavatoriÅ³ nuoma Vilniuje, PUIKI KAINA",0
Paskolos,0
"*865936773, Kasimo technikos nuoma Vilniuje, SUPER PRICE",0
"* 865936773, Ekskavatoriaus krautuvo nuoma Vilniuje, 50  EUR",0
"*865907990, SNIEGO  STUMDYMAS, EKSKAVATORIAUS NUOMA",50 â‚¬
"*MINI EKSKAVATORIÅ² NUOMA, 8-659-07990, GRIOVIÅ² KASIMAS",35 â‚¬
"EKSKAVATORIAUS NUOMA, 865907990",0
"865907990 EKSKAVATORIAUS NUOMA, 25 EUR",0
"Å½EMÄ–S LYGINIMAS, 865907990, BOBCAT NUOMA",0
"MINI EKSKAVATORIÅ² NUOMA 865907990, BOBCAT NUOMA",0
"Å½EMÄ–S KASIMO DARBAI  865907990, POLIÅ² GRÄ˜Å½IMAS",0
"BOBCAT NUOMA 865907990, VILNIUS",0
"*SNIEGO IÅ VEÅ½IMAS, 8-659-07990, BOBCAT NUOMA VILNIUJE",45 â‚¬
VANDENS NUKALKINIMO SISTEMOS. BUITINIAI VANDENS GERINIMO FILTRAI NAMUI.,1 â‚¬
Buitiniai geriamo vandens mechaniniai vandens filtrai. Antikalkai,1 â‚¬
Paskolos,0
AusinÄ—s,60 â‚¬
21-29-286 BriaunÅ³ Å¡lifavimo staklÄ—s HOLZMANN KOS 2510N,1 â‚¬
21-32- PadÄ—klÅ³ veÅ¾imÄ—lis NH PL2015BP,1 â‚¬
21-70-8050  VERTONGEN Frezavimo-dygiavimo staklÄ—s (naudotos),8 500 â‚¬
20-29-540 PaÄiajuostÄ—s Å¡lifavimo staklÄ—s WOOODLAND MACHINERY  (naujos),12 499 â‚¬
20-60-539 Formatinio pjovimo staklÄ—s  MJ6132TA(400) Woodland Machinery (naujos),5 999 â‚¬
20-60-540 Formatinio pjovimo staklÄ—s  MJ6128TA(400) Woodland Machinery (naujos),5 499 â‚¬
20-60-541 Formatinio pjovimo staklÄ—s  MJ6138TA(400) Woodland Machinery  (naujos),6 499 â‚¬
Å½vaigÅ¾dutÄ—s (naujos),2 â‚¬
20-29-542 PlaÄiajuostÄ—s Å¡lifavimo staklÄ—s WOODLAND MACHINERY  (naujos),8 700 â‚¬
20-29- 541PlaÄiajuostÄ—s Å¡lifavimo staklÄ—s WOODLAND MACHINERY  (naujos),15 999 â‚¬
21-32-131 Elektrinis - hidraulinis U-formos pakÄ—limo stalas NH HTF-U,1 â‚¬
20-14-510 Kaltavimo staklÄ—s Woodland Machinery ( naujos),2 415 â‚¬
20-17-029 KlijÅ³ purÅ¡kiklis (naujas),478 â‚¬
21-33-043 DulkiÅ³ nutraukimo sistema HOLZMANN ABS 4560,1 â‚¬
21-33-058 DulkiÅ³ nutraukimo sistema HOLZMANN ABS 2480,1 â‚¬
21-60-072/04 Formatinio pjovimo staklÄ—s HOLZMANN TKS 315S,1 â‚¬
20-60-526 Formatinio pjovimo staklÄ—s  MJ6116TD(400) Woodland Machinery (naujos),3 999 â‚¬
20-70-545 Frezavimo staklÄ—s  Woodland Machinery (naujos),3 780 â‚¬
21-70-167 Frezavimo staklÄ—s  HOLZMANN FS 300SP (naujas),1 â‚¬
21-19- DviejÅ³ volÅ³ klijavimo staklÄ—s OSAMA SBR-250 (naujos),3 900 â‚¬
20-60-543 Formatinio pjovimo staklÄ—s  MJ6122TD(400) Woodland Machinery (naujos),4 499 â‚¬
20-13-506   PjuvenÅ³ nutraukimo Å¾arna (nauja),30 â‚¬
21-32-133/3 Elektriniai â€“ hidrauliniai krautuvai,1 â‚¬
20-13-501   Ratukas formatinio pjovimo stakliÅ³ stalui (naujas),10 â‚¬
21-32-111 Elektrinis - hidraulinis aukÅ¡to pakÄ—limo padÄ—klÅ³ veÅ¾imÄ—lis NH SLX 1000E,1 â‚¬
21-29- BriaunÅ³ Å¡lifavimo staklÄ—s su osciliacija HOLZMANN KOS2600C  (naujos),1 â‚¬
21-29- BriaunÅ³ Å¡lifavimo staklÄ—s su osciliacija HOLZMANN KOS2740C  (naujos),1 â‚¬
20-70-550 CNC frezavimo staklÄ—s WOODLAND MACHINERY (naujos),17 900 â‚¬
"21-32- Ritininis transporteris HOLZMANN RB 9L (naujas, Austrija)",1 â‚¬
20-29-544 Å epetinÄ—s Å¡lifavimo staklÄ—s WOODLAND MACHINERY(naujos),34 999 â‚¬
20-90-534 CNC grÄ™Å¾imo-kaltavimo staklÄ—s WOODLAND MACHINERY  (naujos),6 499 â‚¬
20-11-511 LovajuosÄiÅ³ testavimo Ä¯renginys (1cilindro) WOODLAND MACHINERY,3 920 â‚¬
20-27-518 Reismusas WOODLAND MACHINERY (naujas),1 â‚¬
20-27-519 Reismusas WOODLAND MACHINERY (naujas),1 â‚¬
20-09-511 DulkiÅ³ valymo staklÄ—s WOODLAND MACHINERY (naujos),9 950 â‚¬
21-90-158   WOODLAND MACHINERY DaugiavelenÄ—s grÄ™Å¾imo staklÄ—s (naujos),5 399 â‚¬
20-20-557 DaugiapjÅ«klÄ—s staklÄ—s WOODLAND MACHINERY (naujos),22 450 â‚¬
20-33-501 DulkiÅ³ nutraukimo sistema WOODLAND MACHINERY (nauja),400 â‚¬
21-90-135 AutomatinÄ—s grÄ™Å¾imo staklÄ—s Woodland machinery,10 000 â‚¬
20-26-536 RÄ—mÅ³ surinkimo presas WOODLAND MACHINERY  (naujas),4 500 â‚¬
"TaÅ¡o presas, tipas L12",11 000 â‚¬
20-29-601   Pneumatinis Å¡lifavimo ritinys WOODLAND MACHINERY (naujas),210 â‚¬
20-29-602   Pneumatinis Å¡lifavimo ritinys WOODLAND MACHINERY (naujas),220 â‚¬
20-29-603   Pneumatinis Å¡lifavimo ritinys WOODLAND MACHINERY (naujas),230 â‚¬
20-32-524 Juostinis transporteris WOODLAND MACHINERY 5790x240 (naujas),1 510 â‚¬
20-32-525 Juostinis transporteris WOODLAND MACHINERY 6000x240 (naujas),1 820 â‚¬
20-32-526 AtliekÅ³ transporteris WOODLAND MACHINERY (naujas),1 450 â‚¬
20-32-522 Juostinis transporteris WOODLAND MACHINERY 2480x400 (naujas),1 450 â‚¬
20-32-523 Juostinis transporteris WOODLAND MACHINERY 2790x240 (naujas),1 220 â‚¬
20-75-810 CNC apdirbimo centras WOODLAND MACHINERY  (naujas),1 â‚¬
20-33-543 DulkiÅ³ nutraukimo sistema WOODLAND MACHINERY (nauja),999 â‚¬
Elektros spintos su daline Ä¯ranga (naudotos),0
Ortakis su sklende (naujas),40 â‚¬
21-16-   Keturpusio obliavimo staklÄ—s  GUBISCH  (naudotos),2 400 â‚¬
21-16-   Keturpusio obliavimo staklÄ—s  WOODLAND MACHINERY (naujos),21 300 â‚¬
21-09- KraÅ¡tÅ³ uÅ¾klijavimo staklÄ—s RS WOOD-CMC  (naujos),8 300 â‚¬
"21-26-075 TaÅ¡o presas, tipas L3.6",3 600 â‚¬
21-31-014 Tekinimo - kopijavimo staklÄ—s HOLZMANN VD 1100N,1 â‚¬
17- Pneumatiniai cilindrai,1 â‚¬
20-11-523 TriukÅ¡mo sumaÅ¾inimo kabina (naudota),435 â‚¬
21-32-176 PakÄ—limo svirtis LS15,1 â‚¬
20-32-520 Juostinis transporteris WOODLAND MACHINERY 1960x300 (naujas),1 220 â‚¬
20-09- AutomatinÄ—s kraÅ¡tÅ³ uÅ¾klijavimo staklÄ—s WOODLAND MACHINERY FZ-450D (naujos),0
21-32-197 Domkratas NH ED1000 (naujas),1 â‚¬
21-32- PadÄ—klÅ³ veÅ¾imÄ—lis NH PL2018BP,1 â‚¬
20-09-8007-1 KraÅ¡tÅ³ uÅ¾klijavimo staklÄ—s HEBROCK (naudotos),1 000 â‚¬
20-14-8001-2120314 GrandininÄ—s kaltavimo staklÄ—s HAFFNER  (naudotos),350 â‚¬
20-20-555 DaugiapjÅ«klÄ—s staklÄ—s WOODLAND MACHINERY (naujos),19 500 â‚¬
21-11-382 ElektroninÄ—s svarstyklÄ—s U-formos NH UV2000,1 â‚¬
21-80-029/04 Galandimo staklÄ—s tiesiems peiliams HOLZMANN MS 7000,1 â‚¬
20-33-541   IÅ¡traukimo ventiliacija (naudota),200 â‚¬
20-33-537  DulkiÅ³ nutraukimo sistema WOODLAND MACHINERY (nauja),470 â‚¬
21-32-040 PadÄ—klÅ³ veÅ¾imÄ—lis (naujas),1 â‚¬
21-32-143 Padavimo â€“ prispaudimo mechanizmas HOLZMANN SF 444N-8,1 â‚¬
21-32-165 AukÅ¡to pakÄ—limo padÄ—klÅ³ veÅ¾imÄ—lis SLP1000,1 â‚¬
21-17-305 KaltÅ³ rinkinys HOLZMANN (naujas),69 â‚¬
20-91-001 Padavimo-prispaudimo mechanizmo ratukas (naujas),17 â‚¬
21-60-  SCM Formatinio pjovimo staklÄ—s (naudotos),1 200 â‚¬
20-14- Lari and Lari  CNC kaltavimo staklÄ—s (naudotos),4 900 â‚¬
21-14-   GrandininÄ—s kaltavimo staklÄ—s RGA Italcava  (naudotos),650 â‚¬
20-32-512 Transporteris (naujas),590 â‚¬
21-13-8052/61 KlijÅ³ bakelis su voleliais (naudotas),100 â‚¬
20-11-514 KoreguojanÄios staklÄ—s WOODLAND MACHINERY,1 400 â‚¬
20-32-521 Juostinis transporteris WOODLAND MACHINERY 2390x1350 (naujas),2 550 â‚¬
20-32-520 Juostinis transporteris WOODLAND MACHINERY 1960x300 (naujas),1 220 â‚¬
20-32-515 Transporteris  WOODLAND MACHINERY x6,0
20-09- AutomatinÄ—s kraÅ¡tÅ³ uÅ¾klijavimo staklÄ—s WOODLAND MACHINERY FZ-330 (naujos),0
20-28-529   Skersavimo staklÄ—s Maggi (naujos),2 650 â‚¬
20-14-510 Kaltavimo staklÄ—s Woodland Machinery ( naujos),2 415 â‚¬
21-32-043 Elektrinis - hidraulinis aukÅ¡to pakÄ—limo padÄ—klÅ³ veÅ¾imÄ—lis SL 1000E,1 â‚¬
21-70-6001 Vertikalios frezavimo staklÄ—s VERTONGEN (naudotos),1 600 â‚¬
21-11-6004 Vakuuminis detaliÅ³ perkÄ—limo robotas MUTZ MASCHINENBAU  (naudotas),500 â‚¬
"Naujos ir naudotos stakliÅ³ detalÄ—s, cilindrai, skriemuliai, grandinÄ—s patraukliomis kainomis",1 â‚¬
20-29-   Celfa Å epetinÄ—s Å¡lifavimo staklÄ—s (naudotos),7 999 â‚¬
20-32-519 Transporteris WOODLAND MACHINERY,0
20-09- Pusiau automatinÄ—s kraÅ¡tÅ³ uÅ¾klijavimo staklÄ—s WOODLAND MACHINERY FZ-526D (naujos),0
20-09- Pusiau automatinÄ—s kraÅ¡tÅ³ uÅ¾klijavimo staklÄ—s WOODLAND MACHINERY FZ-520 (naujos),0
21-33- DulkiÅ³ nutraukimo sistema HOLZMANN  ABS 5000 (nauja),1 â‚¬
21-17-376 Kaltavimo grÄ…Å¾tai (naudoti),5 â‚¬
21-90-146 KoloninÄ—s grÄ™Å¾imo staklÄ—s metalui HOLZMANN  (naujos),339 â‚¬
21-14 Kaltavimo staklÄ—s HOLZMANN LBM250C (naujos),1 â‚¬
"21-17   VamzdÅ¾iai, Å¾iedai JKF (nauji)",1 â‚¬
21-32-169 Elektrinis â€“ hidraulinis krautuvas  NH CL1534FFL (naujas),1 â‚¬
21-32-042 PadÄ—klÅ³ veÅ¾imÄ—lis su skale PLW2000BN,1 â‚¬
21-29-293 BriaunÅ³ Å¡lifavimo staklÄ—s HOLZMANN KOS 2260C,1 â‚¬
21-12- Juostinis siaurapjÅ«klis  kartonui ir parolonui  Sweden (naudotas),1 200 â‚¬
Å epetinÄ—s Å¡lifavimo staklÄ—s WOODLAND MACHINERY (naujos),6 100 â‚¬
20-29- Å epetinÄ—s Å¡lifavimo staklÄ—s WOODLAND MACHINERY (naujos),4 130 â‚¬
21-29-003 Rankinio Å¡lifavimo staklÄ—s HSM (su stovu ir kontrasvoriu),1 014 â‚¬
Ä®vairiÅ³ medienos apdirbimo stakliÅ³ daliÅ³ iÅ¡pardavimas,2 â‚¬
21-60-8003/5  AutomatinÄ—s formatinio pjovimo staklÄ—s SCM  (naudotos),4 200 â‚¬
20-28-529   Skersavimo staklÄ—s Maggi (naujos),1 â‚¬
21-31-011 Tekinimo staklÄ—s HOLZMANN DBK 1300,1 â‚¬
21-33-057 DulkiÅ³ nutraukimo sistema HOLZMANN ABS 3880,1 â‚¬
21-31-013 Tekinimo staklÄ—s HOLZMANN D460F	 21-31-013 Lathe HOLZMANN D460F,1 â‚¬
21-60-090 Formatinio pjovimo staklÄ—s HOLZMANN TS 250F,1 â‚¬
21-70 Frezavimo staklÄ—s  HOLZMANN FS 200 (naujas),1 â‚¬
21-70 Frezavimo staklÄ—s  HOLZMANN FS 200S (naujas),1 â‚¬
21-70 Frezavimo staklÄ—s  HOLZMANN FS 200SF (naujas),1 â‚¬
21-80-027/07/08 DiskiniÅ³ pjÅ«klÅ³ galandimo staklÄ—s HOLZMANN MTY 8-70,1 â‚¬
21-80-028 Galandimo staklÄ—s tiesiems peiliams HOLZMANN MS 6000,1 â‚¬
21-80-045 Galandinimo Ä¯renginys grÄ…Å¾tams HOLZMANN  (naujas),1 â‚¬
21-90-129 GrÄ™Å¾imo staklÄ—s HOLZMANN SB 4116H,1 â‚¬
21-32-045 PadÄ—klÅ³ veÅ¾imÄ—lis PL2000BPQ,1 â‚¬
21-32-264 Domkratas NH (naujas),1 â‚¬
21-27- Reismusas HOLZMANN (naujas),1 â‚¬
20-09- Pusiau automatinÄ—s kraÅ¡tÅ³ uÅ¾klijavimo staklÄ—s WOODLAND MACHINERY FZ-230 (naujos),0
21-14 Kaltavimo staklÄ—s HOLZMANN LBM250P (naujos),1 â‚¬
21-32-051 Hidraulinis veÅ¾imÄ—lis su pakeliamu staleliu NH LB150,1 â‚¬
20-09- AutomatinÄ—s kraÅ¡tÅ³ uÅ¾klijavimo staklÄ—s WOODLAND MACHINERY FZ-360 (naujos),1 â‚¬
20-09- AutomatinÄ—s kraÅ¡tÅ³ uÅ¾klijavimo staklÄ—s WOODLAND MACHINERY FZ-450DJK (naujos),0
20-09- AutomatinÄ—s kraÅ¡tÅ³ uÅ¾klijavimo staklÄ—s WOODLAND MACHINERY FZ-480DJK (naujos),0
20-29-556 PlaÄiajuostÄ—s Å¡lifavimo staklÄ—s su obliavimo velenu WOODLAND MACHINERY (naujos),26 000 â‚¬
21-32-045 NH AukÅ¡to pakÄ—limo padÄ—klÅ³ veÅ¾imÄ—lis (naujas),1 â‚¬
21-21-039 Siurblys NH SC â€“ 101,1 â‚¬
20-70-554-1 Frezavimo staklÄ—s su slankiojanÄiuoju staliuku ir padavimoâ€“prispaudimo mechanizmu (naujos),3 060 â‚¬
20-70-554-2 Frezavimo staklÄ—s su slankiojanÄiuoju staliuku ir padavimoâ€“prispaudimo mechanizmu(naujos),3 190 â‚¬
20-70-555-1 Frezavimo staklÄ—s su padavimoâ€“prispaudimo mechanizmu (naujos),2 360 â‚¬
20-70-555-2 Frezavimo staklÄ—s su padavimoâ€“prispaudimo mechanizmu (naujos),2 490 â‚¬
20-90-541    DaugiavelenÄ—s grÄ™Å¾imo staklÄ—s WOODLAND MACHINERY (naujos),999 â‚¬
21-09- KampÅ³ uÅ¾apvalinimo staklÄ—s WOODLAND MACHINERY  (naujos),299 â‚¬
20-09- AutomatinÄ—s kraÅ¡tÅ³ uÅ¾klijavimo staklÄ—s WOODLAND MACHINERY FZ-450J (naujos),0
20-75- CNC apdirbimo centras WOODLAND MACHINERY  (naujas),9 600 â‚¬
21-15- PatalpÅ³ drÄ—kinimo Ä¯renginys (naudotas),250 â‚¬
20-28-OptimizuojanÄios skersinio pjovimo staklÄ—s WOODLAND MACHINERY (naujos),31 000 â‚¬
21-26- TrijÅ³ daliÅ³ mechaninis presas (naudotas),1 100 â‚¬
20-29-557   BriaunÅ³ Å¡lifavimo staklÄ—s (naujos),1 349 â‚¬
20-29-558 Å epetinÄ—s Å¡lifavimo staklÄ—s WOODLAND MACHINERY (naujos),16 500 â‚¬
20-75- CNC su Ä¯rankiÅ³ keitikliu WOODLAND MACHINERY  (naujas),24 500 â‚¬
20-15- Mediedos dÅ¾iovykla Termolegno (nauja),0
21-32- RBO viejÅ³ daliÅ³ ritininis transporteris (renovuotas),4 500 â‚¬
20-75- CNC marÅ¡rutizatorius WOODLAND MACHINERY  (naujas),21 300 â‚¬
21-32-..NH  PakÄ—limo stalas HIW3000 (naujas),2 300 â‚¬
21-11-093 Å lifavimo juostÅ³ plovimo maÅ¡ina NETEK,435 â‚¬
21-12- Juostinis siaurapjÅ«klis NP HANSENS (naudotas),1 150 â‚¬
21-26- Hidraulinis presas KALLESOE  (naudotas),1 250 â‚¬
20-20-556 DaugiapjÅ«klÄ—s staklÄ—s plokÅ¡tÄ—ms WOODLAND MACHINERY (naujos),31 000 â‚¬
20-09- KraÅ¡tÅ³ uÅ¾klijavimo staklÄ—s WOODLAND MACHINERY (naujos),7 800 â‚¬
20-29-555 Å epetinÄ—s Å¡lifavimo staklÄ—s WOODLAND MACHINERY DTL-20A (naujos),1 700 â‚¬
20-90-542 DaugiavelenÄ—s grÄ™Å¾imo staklÄ—s WOODLAND MACHINERY (naujos),3 200 â‚¬
20-09-510 KraÅ¡tÅ³ uÅ¾klijavimo staklÄ—s WOODLAND MACHINERY (naujos),3 600 â‚¬
20-13-300/600 Å lifavimo popierius Å¡epetinÄ—ms Å¡lifavimo staklÄ—ms (naujas),25 â‚¬
20-90-541 DaugiavelenÄ—s grÄ™Å¾imo staklÄ—s WOODLAND MACHINERY (naujos),999 â‚¬
